{"assets/fonts/Poppins-Bold.ttf":["assets/fonts/Poppins-Bold.ttf"],"assets/fonts/Poppins-Medium.ttf":["assets/fonts/Poppins-Medium.ttf"],"assets/images/classwork_icons/assignment.png":["assets/images/classwork_icons/assignment.png"],"assets/images/classwork_icons/attendance.png":["assets/images/classwork_icons/attendance.png"],"assets/images/classwork_icons/create_team.png":["assets/images/classwork_icons/create_team.png"],"assets/images/classwork_icons/join_team.png":["assets/images/classwork_icons/join_team.png"],"assets/images/classwork_icons/lecture.png":["assets/images/classwork_icons/lecture.png"],"assets/images/classwork_icons/lectures.png":["assets/images/classwork_icons/lectures.png"],"assets/images/classwork_icons/regiteres_team.png":["assets/images/classwork_icons/regiteres_team.png"],"assets/images/classwork_icons/result.png":["assets/images/classwork_icons/result.png"],"assets/images/classwork_icons/section.png":["assets/images/classwork_icons/section.png"],"assets/images/classwork_icons/team_created.png":["assets/images/classwork_icons/team_created.png"],"assets/images/icons/1.png":["assets/images/icons/1.png"],"assets/images/icons/2.png":["assets/images/icons/2.png"],"assets/images/icons/3.png":["assets/images/icons/3.png"],"assets/images/icons/4.png":["assets/images/icons/4.png"],"assets/images/icons/5.png":["assets/images/icons/5.png"],"assets/images/icons/6.png":["assets/images/icons/6.png"],"assets/images/icons/AI.jpeg":["assets/images/icons/AI.jpeg"],"assets/images/icons/Algorithm.png":["assets/images/icons/Algorithm.png"],"assets/images/icons/Ann1.png":["assets/images/icons/Ann1.png"],"assets/images/icons/Ann2.png":["assets/images/icons/Ann2.png"],"assets/images/icons/Ann3.png":["assets/images/icons/Ann3.png"],"assets/images/icons/Book.png":["assets/images/icons/Book.png"],"assets/images/icons/Clock.png":["assets/images/icons/Clock.png"],"assets/images/icons/Cross.png":["assets/images/icons/Cross.png"],"assets/images/icons/Frame 427319365.png":["assets/images/icons/Frame 427319365.png"],"assets/images/icons/Group.png":["assets/images/icons/Group.png"],"assets/images/icons/HomeGroup.png":["assets/images/icons/HomeGroup.png"],"assets/images/icons/Lock .png":["assets/images/icons/Lock .png"],"assets/images/icons/Message.png":["assets/images/icons/Message.png"],"assets/images/icons/Vector.png":["assets/images/icons/Vector.png"],"assets/images/icons/announcement.png":["assets/images/icons/announcement.png"],"assets/images/icons/assignment.jpeg":["assets/images/icons/assignment.jpeg"],"assets/images/icons/attend.png":["assets/images/icons/attend.png"],"assets/images/icons/camera 01.png":["assets/images/icons/camera 01.png"],"assets/images/icons/computer.jpeg":["assets/images/icons/computer.jpeg"],"assets/images/icons/edit.png":["assets/images/icons/edit.png"],"assets/images/icons/empty.png":["assets/images/icons/empty.png"],"assets/images/icons/files.png":["assets/images/icons/files.png"],"assets/images/icons/home_logo.png":["assets/images/icons/home_logo.png"],"assets/images/icons/logout.png":["assets/images/icons/logout.png"],"assets/images/icons/machine_learning.jpeg":["assets/images/icons/machine_learning.jpeg"],"assets/images/icons/math.jpeg":["assets/images/icons/math.jpeg"],"assets/images/icons/microphone.png":["assets/images/icons/microphone.png"],"assets/images/icons/noti.png":["assets/images/icons/noti.png"],"assets/images/icons/physics.webp":["assets/images/icons/physics.webp"],"assets/images/icons/progamming.jpeg":["assets/images/icons/progamming.jpeg"],"assets/images/icons/results.png":["assets/images/icons/results.png"],"assets/images/icons/science.jpeg":["assets/images/icons/science.jpeg"],"assets/images/icons/search.png":["assets/images/icons/search.png"],"assets/images/icons/settings.png":["assets/images/icons/settings.png"],"assets/images/icons/terms.png":["assets/images/icons/terms.png"],"assets/images/light/Spalsh@1x.png":["assets/images/light/Spalsh@1x.png"],"assets/images/light/login.png":["assets/images/light/login.png"],"assets/images/onboarding/Onboard@1x.png":["assets/images/onboarding/Onboard@1x.png"],"assets/images/onboarding/login_logo@1x.png":["assets/images/onboarding/login_logo@1x.png"],"assets/images/subjects/AI.png":["assets/images/subjects/AI.png"],"assets/images/subjects/PL.png":["assets/images/subjects/PL.png"],"assets/images/subjects/data science.png":["assets/images/subjects/data science.png"],"assets/images/subjects/math.png":["assets/images/subjects/math.png"],"assets/images/subjects/project.png":["assets/images/subjects/project.png"],"assets/images/subjects/security.png":["assets/images/subjects/security.png"],"assets/images/subjects/upload_aasignment.png":["assets/images/subjects/upload_aasignment.png"],"packages/cupertino_icons/assets/CupertinoIcons.ttf":["packages/cupertino_icons/assets/CupertinoIcons.ttf"]}